Tiker,open,high,low,closing
A,31.47314465408805,31.820903773584902,31.05606163522013,31.460031446540885
AA,12.787075471698113,12.963261006289308,12.546302515723271,12.739996855345911
AAPL,237.96964743589743,240.40319551282053,234.47456602564102,237.67840641025643
ABC,29.627798742138364,29.901896226415094,29.265979874213834,29.618427672955974
ABT,51.1485534591195,51.488866037735846,50.677244025157236,51.11798742138365
ACE,52.50631578947369,53.02142982456141,52.031580701754386,52.567894736842106
ACS,61.76958333333334,62.344545833333335,61.32245833333334,61.78583333333333
ADBE,32.6607911392405,33.01496835443038,32.20696329113924,32.604303797468354
ADI,29.346446540880503,29.679921383647798,28.879157232704404,29.31125786163522
ADM,28.330503144654088,28.600694339622642,28.01803144654088,28.311666666666667
ADP,42.11668789808917,42.45085605095541,41.668059872611465,42.125700636942675
ADSK,28.22108280254777,28.630082165605092,27.801816560509554,28.229633757961782
AEE,25.595345911949686,25.808236477987425,25.34488993710692,25.60440251572327
AEP,34.079874213836476,34.342244025157235,33.75772641509434,34.0951572327044
AES,11.216729559748428,11.389530817610064,11.019792452830188,11.201383647798743
AET,30.155183018867927,30.595845911949684,29.689987421383645,30.142264150943397
AFL,49.02760943396226,49.6548358490566,48.22086540880503,48.998364779874215
AGN,61.42698113207547,62.02142075471698,60.753915723270445,61.41477987421384
AIG,34.25135220125786,35.165701257861635,33.39560440251572,34.18232704402516
AIV,19.302955974842767,19.670183647798744,18.95448238993711,19.340314465408806
AIZ,34.21147798742138,34.62090880503145,33.815661635220124,34.26044025157233
AKAM,35.176962025316456,35.847800632911394,34.64150189873418,35.32091772151899
AKS,18.352853459119498,18.740183018867924,17.85784465408805,18.28058176100629
ALL,30.702138364779877,31.008930188679244,30.3240106918239,30.68962264150943
ALTR,24.739683544303798,25.094635443037976,24.365048734177215,24.781756329113925
AMAT,12.864367088607594,13.03122341772152,12.646359493670886,12.838177215189873
AMD,8.406540880503146,8.566374842767296,8.203976729559749,8.387389937106919
AMGN,56.15025316455696,56.7119417721519,55.57927025316456,56.18727721518987
AMP,41.71415094339623,42.26729119496856,41.1146106918239,41.74522012578616
AMT,43.345786163522014,43.81219182389937,42.83805408805031,43.35836477987421
AMZN,126.3784076433121,128.33462420382165,124.32801974522293,126.47619745222929
AN,19.91440251572327,20.229111949685535,19.607240251572325,19.932264150943396
ANF,38.16544025157233,38.79039182389937,37.44254716981132,38.152264150943395
AON,39.778301886792455,40.10322327044025,39.447974842767294,39.81553459119497
APA,98.29716918238994,99.46559119496855,96.84604779874213,98.2611320754717
APC,59.387674213836476,60.365259119496855,58.236012578616354,59.31723270440252
APD,73.08635220125785,73.84341132075471,72.32412327044025,73.12358490566038
APH,42.86386792452831,43.3327106918239,42.2779251572327,42.82974842767296
APOL,55.24198113207547,56.07150503144654,54.3900427672956,55.17590880503144
ARG,61.288490566037744,61.74701257861635,60.88415094339623,61.36383647798743
ATI,49.205345911949685,50.217426415094344,48.14107610062893,49.164276729559745
AVB,92.06006289308176,93.43849811320754,90.71752578616352,92.21971698113207
AVP,30.301446540880505,30.651194968553458,29.902075471698115,30.30836477987421
AVY,35.226037735849054,35.67253584905661,34.748746540880504,35.2225786163522
AXP,41.50641509433962,42.06716918238994,40.89831949685534,41.51748427672956
AYE,22.117672955974843,22.337240880503142,21.875087421383647,22.10767295597484
AZO,180.92654088050315,182.64228427672955,179.48630880503146,181.27962264150943
BA,66.17169811320754,66.97569937106918,65.27722767295597,66.1934748427673
BAC,15.987264150943396,16.202707547169812,15.717107547169812,15.947871069182389
BAX,50.66338050314465,51.09528867924528,50.17069245283019,50.63198113207547
BBBY,41.66977987421384,42.197026415094335,40.9995320754717,41.667893081761
BBT,29.2601572327044,29.687937735849054,28.83963773584906,29.279685534591195
BBY,39.02566037735849,39.50748490566038,38.48142201257862,38.99297169811321
BCR,81.8762710691824,82.45308176100629,81.16698742138364,81.83622641509433
BDK,70.336875,71.1269375,69.55236458333333,70.515
BDX,74.36415094339623,74.89085220125787,73.70596540880503,74.32446540880503
BEN,103.01597484276729,104.27015031446541,101.62142075471698,103.02471698113207
BF.B,57.2314465408805,57.74742830188679,56.6881679245283,57.29628930817611
BHI,45.908553459119496,46.695518238993714,45.074200000000005,45.90503144654088
BIG,34.153301886792455,34.57936289308176,33.68097044025157,34.17427672955975
BIIB,53.58601910828025,54.20446050955414,52.99050828025477,53.65765605095542
BJS,21.715125,22.0319375,21.43306125,21.759375
BK,28.33562893081761,28.652138364779873,27.97990566037736,28.32477987421384
BLL,53.35270440251572,53.84683836477988,52.87187358490566,53.38811320754718
BMC,37.630967741935486,38.050079999999994,37.20626516129032,37.64922580645161
BMS,29.12830188679245,29.41950062893082,28.79343522012579,29.13194968553459
BMY,25.06314465408805,25.282795597484277,24.803305660377358,25.06075471698113
BNI,99.32827586206896,99.46724137931035,99.24068620689654,99.39482758620689
BRCM,33.28591772151899,33.762743670886074,32.760798734177214,33.28471518987342
BRK.B,78.33842975206612,79.01024380165289,77.52465371900826,78.37
BSX,7.0,7.09888427672956,6.8805893081761,6.990503144654088
BTU,44.59657232704402,45.40687924528302,43.69355534591195,44.57048742138365
BXP,74.60688679245284,75.63048679245283,73.59249433962263,74.71025157232705
C,3.9102830188679247,3.966827672955975,3.8379427672955972,3.8971069182389937
CA,21.307044025157232,21.534864779874212,21.057224528301887,21.317940251572324
CAG,24.096635220125783,24.283577987421385,23.895708176100626,24.102830188679246
CAH,34.167232704402515,34.49191194968554,33.78647924528302,34.15437106918239
CAM,39.6262893081761,40.2932534591195,38.80085786163522,39.59886792452831
CAT,62.43374213836478,63.342079245283024,61.53200880503145,62.50767295597484
CB,51.22509433962264,51.632261635220125,50.76322704402516,51.24308176100629
CBG,14.91433962264151,15.205911320754717,14.615561635220125,14.91937106918239
CBS,14.3112893081761,14.568664779874213,14.042167924528304,14.317106918238995
CCE,25.70364779874214,25.975267924528303,25.464859119496857,25.735220125786164
CCL,35.6622641509434,36.072334591194966,35.160978616352196,35.634874213836476
CEG,34.51025157232704,34.91971509433962,34.070963522012576,34.48937106918239
CELG,57.366613924050625,58.02715696202532,56.529557594936705,57.33696202531645
CEPH,63.3126582278481,63.947808860759494,62.588587341772154,63.30898734177215
CERN,79.6443918918919,80.74290135135135,78.43248783783784,79.6193918918919
CF,84.61161886792453,86.05384150943395,82.99045597484277,84.45817610062893
CFN,25.035345911949683,25.34758427672956,24.686779874213837,25.040251572327044
CHK,23.988993710691823,24.310090566037736,23.55196603773585,23.929685534591197
CHRW,57.7538782051282,58.44921474358974,57.179774358974356,57.846006410256415
CI,33.94018867924528,34.45678050314466,33.417018867924526,33.9477358490566
CINF,27.535833333333333,27.763951282051284,27.289228205128204,27.54982371794872
CL,81.4837106918239,82.063406918239,80.86156540880503,81.55176100628931
CLF,56.514113207547176,57.82743396226415,55.03512452830189,56.449119496855346
CLX,63.17915094339623,63.54318805031447,62.73254402515723,63.1825786163522
CMA,37.65675408805031,38.220622012578616,37.054227044025154,37.67169811320755
CMCSA,17.740822784810128,17.985541772151898,17.509509493670887,17.758512658227847
CME,303.6471518987342,307.56247784810125,299.1243487341772,302.9082753164557
CMI,65.07389937106919,66.31474842767295,63.91788867924528,65.19100628930818
CMS,15.56694465408805,15.719086163522013,15.413162264150943,15.587547169811321
CNP,14.11198113207547,14.244122641509435,13.887854716981133,14.115157232704401
CNX,43.23710691823899,44.025613207547174,42.24799685534591,43.13132075471698
COF,40.95801886792453,41.64068616352201,40.24727547169811,40.96578616352202
COG,36.859245283018865,37.43672641509434,36.16358490566038,36.777735849056604
COH,38.50830188679245,39.04821572327044,37.95249056603774,38.5411320754717
COL,58.29943396226415,58.90698742138365,57.66794968553459,58.34949685534591
COP,52.81220125786163,53.37343522012579,52.18810880503144,52.843459119496856
COST,58.31044303797468,58.76347468354431,57.86397215189874,58.3281170886076
CPB,35.11018867924528,35.35660377358491,34.8642358490566,35.147421383647796
CPWR,8.071772151898733,8.179611392405063,7.945511392405063,8.074683544303797
CRM,82.29320754716981,83.609306918239,81.0271144654088,82.47125786163522
CSC,50.9014465408805,51.28817924528302,50.362696226415096,50.8325786163522
CSCO,24.356624203821653,24.6475923566879,24.08047770700637,24.37078025477707
CSX,50.9540251572327,51.62892012578616,50.203330817610066,50.947672955974845
CTAS,26.145377358490563,26.383987421383647,25.873732704402514,26.163899371069185
CTL,34.84635220125786,35.08996729559748,34.44694150943396,34.84062893081761
CTSH,51.06803797468354,51.7265917721519,50.38367658227848,51.12428797468354
CTXS,46.24830128205128,46.93424935897436,45.724117948717954,46.40615064102564
CVH,22.262327044025156,22.576901886792456,21.884230188679243,22.22748427672956
CVS,33.34852201257861,33.70772578616352,32.982256603773585,33.35006289308176
CVX,75.37455974842767,75.98026603773586,74.63204402515724,75.38364779874213
D,40.28509433962264,40.63133270440252,39.955755974842766,40.350220125786166
DD,36.68827044025157,37.109825786163526,36.222438364779876,36.69358490566037
DE,58.84833270440251,59.685882389937106,57.94060125786163,58.85805031446541
DELL,14.123225806451613,14.33375935483871,13.917627096774194,14.123045161290323
DF,13.850314465408804,14.01989748427673,13.642263522012579,13.828805031446542
DFS,14.489622641509433,14.715340880503145,14.236965408805032,14.48182389937107
DGX,54.3201572327044,54.77249937106918,53.75162515723271,54.315283018867916
DHI,11.985408805031447,12.442206289308176,11.732196226415095,11.97062893081761
DHR,66.01440251572328,66.59871006289309,65.33724088050315,66.03666666666666
DIS,33.349716981132076,33.72053081761006,32.9879,33.393144654088054
DISCA,36.035833333333336,36.51927583333334,35.5803425,36.1134375
DNB,73.37691823899371,73.83825471698113,72.81139308176101,73.3222641509434
DNR,15.969150943396226,16.246556603773584,15.649434591194968,15.961446540880502
DO,78.49745283018868,79.57218616352202,77.06048176100629,78.27358490566037
DOV,46.041729559748426,46.57141509433963,45.466650943396225,46.05591194968554
DOW,27.92116855345912,28.380149056603774,27.44182201257862,27.931509433962262
DPS,34.412358490566035,34.797457861635216,34.02608616352201,34.43874213836478
DRI,41.58072327044025,42.076508805031445,41.11360188679245,41.61811320754717
DTE,45.54100628930818,45.93549685534591,45.12882641509434,45.594276729559745
DTV,35.30061290322581,35.75316064516129,34.873489032258064,35.33958064516129
DUK,16.57006289308176,16.682575471698115,16.43240566037736,16.566352201257864
DV,59.162798742138364,59.886365408805034,58.25457044025157,59.041761006289306
DVA,62.32514905660378,62.97954716981132,61.751511320754716,62.4137106918239
DVN,66.80849056603773,67.61020251572327,65.8228245283019,66.73295597484277
EBAY,23.137337662337664,23.456833766233768,22.813765584415584,23.14957142857143
ECL,45.798081761006294,46.211818238993715,45.42340880503145,45.8674213836478
ED,44.52518867924528,44.80929937106918,44.17581320754717,44.54339622641509
EFX,31.957798742138365,32.237494968553456,31.66229496855346,31.981069182389934
EIX,33.51207547169811,33.807142767295595,33.217354088050314,33.52805031446541
EK,5.499842767295598,5.644638993710692,5.335418238993711,5.485031446540881
EL,59.8903144654088,60.59903710691824,59.21406918238994,60.03566037735849
EMC,18.587987421383648,18.798855974842766,18.363295597484278,18.609544025157234
EMN,60.99905660377359,61.721338993710695,60.156625786163524,60.97691823899371
EMR,47.51880503144654,48.03809433962264,46.95500251572327,47.570628930817605
EOG,100.46754716981133,101.98931509433963,98.83439308176101,100.5211320754717
EP,11.390377358490566,11.565346540880503,11.204195597484278,11.395361635220125
EQR,40.75396226415094,41.39836163522013,40.16437232704402,40.83295597484276
EQT,41.322610062893084,41.76662012578616,40.752213836477985,41.27943396226415
ERTS,17.07581761006289,17.309638993710692,16.835601257861637,17.084119496855347
ESRX,81.07899350649352,82.03497272727273,79.9538512987013,81.10758116883116
ETFC,4.579628888888889,4.659860740740741,4.4921851851851855,4.578573333333333
ETFCD,13.75975,14.03425,13.408000000000001,13.646125000000001
ETN,71.67270440251572,72.53623459119497,70.70383459119498,71.68251572327044
ETR,78.10264150943397,78.75985849056603,77.29556666666667,78.1074213836478
EXC,43.010314465408804,43.32493144654088,42.50046666666667,42.941383647798745
EXPD,37.66136942675159,38.104942675159236,37.19372738853503,37.69786624203822
EXPE,22.454585987261147,22.84725095541401,22.07614076433121,22.47449044585987
F,12.101216981132076,12.285115094339623,11.861651572327045,12.079685534591196
FAST,48.771815286624204,49.42708152866242,48.094161146496816,48.825716560509555
FCX,73.61678113207547,74.74574968553459,72.14887798742139,73.42012578616352
FDO,36.86264150943396,37.27923710691824,36.51543459119497,36.95358490566038
FDX,83.71283018867925,84.70028742138365,82.52998490566037,83.67396226415094
FE,38.85622641509434,39.1489320754717,38.43374779874214,38.794968553459114
FHN,12.882201257861635,13.079693081761004,12.6739,12.87635220125786
FII,24.038490566037733,24.278069182389938,23.739567924528302,24.005849056603772
FIS,25.624716981132075,25.88402452830189,25.386477987421383,25.643962264150943
FISV,48.86691823899371,49.3322358490566,48.412843396226414,48.92066666666666
FITB,12.938575949367088,13.198264556962025,12.676710126582279,12.943544303797468
FLIR,29.000696202531643,29.30094683544304,28.66718670886076,29.004145569620253
FLR,46.97509433962264,47.621886792452834,46.254640251572326,46.99320754716981
FLS,100.6980503144654,102.07261698113207,99.1680962264151,100.74264150943397
FMC,59.67666666666667,60.350303773584905,59.011884905660374,59.73729559748428
FO,45.77754716981132,46.24037610062893,45.22563899371069,45.78798742138365
FPL,49.407896610169495,49.82966949152542,48.92264152542373,49.39531779661017
FRX,28.64383647798742,28.91688679245283,28.320968553459117,28.625974842767295
FSLR,121.75585987261148,123.98231592356689,119.37904267515923,121.64525477707006
FTI,59.8174213836478,60.83946981132076,58.76468742138365,59.88849056603774
FTR,7.668364779874214,7.733254716981133,7.566727672955975,7.651509433962263
GAS,42.01933962264151,42.364543396226416,41.60900503144654,42.04691823899371
GCI,15.480660377358491,15.796962264150944,15.142136477987423,15.478993710691823
GD,68.95320754716981,69.59310503144654,68.12991194968554,68.94377358490566
GE,16.60688679245283,16.804094339622644,16.372431446540883,16.59201257861635
GENZ,54.724967948717946,55.58450128205128,54.17369551282051,54.93214743589744
GILD,40.97462025316455,41.41492594936709,40.462989240506325,40.91657594936709
GIS,60.10172955974842,60.498711320754715,59.648757232704405,60.11377358490566
GLW,18.430157232704403,18.642864150943396,18.1174106918239,18.39069182389937
GME,20.850868553459122,21.163550314465407,20.499913836477987,20.845157232704402
GNW,15.11437106918239,15.449827044025158,14.76120251572327,15.112830188679245
GOOG,524.1273734177215,529.2630088607594,517.973482278481,523.329164556962
GPC,41.050943396226415,41.410378616352205,40.62691572327044,41.05849056603774
GPS,21.190974842767293,21.46153459119497,20.899113836477987,21.17743710691824
GR,69.1288710691824,69.98331383647799,68.31255849056603,69.24779874213836
GS,154.49279874213838,156.34583333333333,152.2155817610063,154.1460220125786
GT,12.703081761006288,12.936227672955976,12.414614465408805,12.657169811320754
GWW,105.41616352201257,106.49836603773585,104.40172641509434,105.60647798742139
HAL,29.517672955974845,30.04810062893082,28.934301886792454,29.505094339622644
HAR,38.038836477987424,38.728838993710696,37.3231962264151,38.05069182389937
HAS,38.497286792452826,38.962922012578616,38.03268805031446,38.5425786163522
HBAN,5.579058441558441,5.701421428571429,5.451349350649351,5.574766233766234
HCBK,13.151886792452832,13.27741572327044,13.001641509433963,13.142383647798743
HCN,43.71377358490566,44.138724528301886,43.21293333333333,43.704842767295595
HCP,31.955789937106918,32.40528301886792,31.546249056603777,32.02314465408805
HD,31.015220125786165,31.343688679245282,30.673988050314467,31.01993710691824
HES,57.99286163522012,58.705115094339625,57.090408805031444,57.94540880503145
HIG,25.19496855345912,25.620654716981132,24.68792578616352,25.157169811320752
HNZ,45.2025786163522,45.48157169811321,44.84193018867924,45.21811320754717
HOG,27.441572327044025,27.908558490566037,26.931688050314463,27.4488679245283
HON,42.46471698113208,42.931920125786164,41.975767295597485,42.484716981132074
HOT,44.38374213836478,45.143562893081764,43.55624716981132,44.44025157232704
HP,39.31454545454546,39.9244438016529,38.57455867768595,39.25917355371901
HPQ,48.99344402515723,49.45921635220126,48.41295597484277,48.91940251572327
HRB,17.56691823899371,17.751996226415095,17.323930817610062,17.54119496855346
HRL,41.06861635220125,41.34851194968554,40.78166352201258,41.11477987421384
HRS,46.59122641509434,47.144301886792455,45.9438679245283,46.57201257861635
HSP,53.858730188679246,54.378625157232705,53.29386100628931,53.88308176100629
HST,13.73003144654088,13.989496855345912,13.470423899371069,13.742955974842769
HSY,44.298077358490566,44.71037044025157,43.90188050314465,44.36968553459119
HUM,47.07830188679245,47.73176352201258,46.41968176100629,47.12270440251572
IBM,127.75688679245283,128.8100396226415,126.80455031446542,127.89389937106918
ICE,109.67905660377359,111.24421320754718,107.96695849056604,109.56135220125786
IFF,44.94877358490566,45.412594968553464,44.49963522012579,45.00528301886793
IGT,18.178522012578618,18.484319496855345,17.850142138364777,18.158176100628932
INTC,21.23945512820513,21.45885512820513,20.951771153846153,21.21085512820513
INTU,34.793238993710695,35.18282955974843,34.47399685534591,34.88913522012579
IP,24.61264150943396,25.05667924528302,24.1058786163522,24.574591194968555
IPG,8.019182389937107,8.242437106918238,7.859604402515724,8.02308176100629
IRM,24.595408805031447,24.843822012578617,24.299509433962264,24.574088050314465
ISRG,336.4589423076923,340.9301891025641,331.458057051282,336.31560897435895
ITT,50.03050314465409,50.534652830188676,49.47104150943396,50.043144654088046
ITW,46.09874213836478,46.558696855345914,45.55435220125786,46.058238993710695
IVZ,20.158427672955977,20.482848427672955,19.774049056603776,20.135723270440252
JAVA,9.4128125,9.43125,9.401875,9.42125
JBL,15.179496855345912,15.408370440251572,14.846105660377358,15.123207547169812
JCI,30.02225471698113,30.410641509433965,29.52433773584906,29.979874213836478
JCP,26.88295597484277,27.293004402515724,26.385610062893083,26.838490566037734
JDSU,10.842006369426752,11.06674203821656,10.592536305732484,10.84562229299363
JEC,41.05845911949685,41.61856289308176,40.42037798742139,41.03761006289308
JNJ,62.24270440251573,62.58708238993711,61.773119496855344,62.191006289308184
JNPR,27.284591194968552,27.673839622641506,26.878948427672956,27.328993710691826
JNS,12.205723270440252,12.423621383647799,11.961053459119496,12.19251572327044
JPM,41.070188679245284,41.56551320754717,40.46600188679245,41.018050314465405
JWN,37.51503144654088,38.123427044025156,36.88154528301887,37.50685534591195
K,52.94899371069182,53.33211635220126,52.54344716981132,52.9682389937107
KEY,7.77496855345912,7.938695597484277,7.60471320754717,7.779764150943397
KFT,29.33641509433962,29.579769811320755,29.08030817610063,29.362311320754717
KG,10.263993710691823,10.407515723270441,10.09522641509434,10.250377358490566
KIM,14.527295597484278,14.768647798742139,14.285691823899372,14.536792452830188
KLAC,31.087292993630573,31.554111464968152,30.51689044585987,31.02724522292994
KMB,61.87062893081761,62.24346163522013,61.38165220125786,61.85477987421383
KMX,20.592280701754387,20.95350701754386,20.192852631578948,20.563508771929826
KO,53.87861635220126,54.22892955974842,53.45762704402515,53.87251572327044
KR,21.39880251572327,21.63009433962264,21.202619496855345,21.424025157232705
KSS,51.96022012578616,52.56610062893082,51.30947169811321,51.92949685534592
L,36.017138364779875,36.327359119496855,35.64514025157233,36.0196855345912
LEG,21.324150943396226,21.581976100628932,21.03254528301887,21.32937106918239
LEN,16.214842767295597,16.566209433962264,15.829889308176101,16.18693396226415
LH,75.39132075471697,76.0527534591195,74.7201320754717,75.44490566037736
LIFE,49.82882911392405,50.37227784810127,49.208674050632915,49.81370253164557
LLL,84.8966037735849,85.55506666666668,84.01617610062893,84.8369182389937
LLTC,29.023670886075948,29.3703417721519,28.609063924050634,29.019952531645572
LLY,35.07,35.331254716981135,34.76106540880503,35.060503144654085
LM,29.48188679245283,29.934298113207547,28.96235471698113,29.455911949685532
LMT,78.9491823899371,79.64454025157234,78.2094779874214,78.9606289308176
LNC,26.876729559748426,27.342159748427672,26.34334968553459,26.855786163522012
LO,75.86547169811321,76.43465660377358,75.19127044025157,75.84503144654089
LOW,23.333867924528302,23.59215849056604,23.012952201257864,23.30861635220126
LSI,5.462389937106918,5.557766666666667,5.348611320754717,5.456289308176101
LTD,23.916415094339623,24.284280503144654,23.527050943396226,23.940503144654087
LUK,23.207044025157234,23.48569496855346,22.850676729559748,23.168930817610065
LUV,12.25125786163522,12.429517610062893,12.066686163522013,12.24490566037736
LXK,34.76594339622641,35.32537610062893,34.17673144654088,34.79522012578616
M,20.06622641509434,20.423080503144654,19.68545220125786,20.0750786163522
MA,229.76730188679244,232.84335849056603,226.43391132075473,229.53452830188678
MAR,31.37563647798742,31.84151823899371,30.92718679245283,31.42635220125786
MAS,13.668238993710691,13.908537106918237,13.38802641509434,13.662138364779876
MAT,21.86022435897436,22.13512051282051,21.547741025641024,21.869086538461538
MCD,67.46374213836478,67.9686220125786,66.98349811320755,67.51147798742139
MCHP,28.447802547770703,28.754877070063692,28.05644904458599,28.445222929936303
MCK,64.56183144654088,65.17514779874215,63.833377987421386,64.56836477987422
MCO,24.815345911949684,25.17191761006289,24.438268553459118,24.80547169811321
MDP,33.12512578616352,33.54893018867925,32.653442767295594,33.11641509433962
MDT,41.559654088050316,41.92290817610063,41.121730817610064,41.508930817610064
MEE,38.814496855345915,39.74314465408805,37.83623333333334,38.7751572327044
MET,40.14440251572327,40.723033962264154,39.49022641509434,40.13817610062893
MFE,36.31663522012579,36.68849308176101,35.87742955974843,36.29679245283019
MHP,32.1996855345912,32.55908679245283,31.769854716981133,32.18591194968554
MHS,59.35789308176101,59.9671679245283,58.606523270440256,59.241006289308174
MI,7.618584905660377,7.812924528301887,7.419869182389937,7.623411949685535
MIL,96.61342105263157,97.04204887218046,95.74271804511278,96.77578947368421
MJN,50.26977987421384,50.82854025157233,49.67872264150944,50.30012578616353
MKC,38.40235849056604,38.67059371069182,38.1361106918239,38.44459119496855
MMC,23.073962264150946,23.293733962264152,22.83801886792453,23.087924528301887
MMM,82.4309748427673,83.10032012578617,81.50069496855346,82.39245283018867
MO,20.73603773584906,20.883550943396227,20.570129559748427,20.74256289308176
MOLX,20.70307692307692,20.956555128205128,20.39966346153846,20.692083333333333
MON,64.38184402515724,65.12138742138364,63.458456603773584,64.2192610062893
MOT,7.1665408805031445,7.284842767295597,7.049088050314466,7.163349056603774
MRK,36.06311320754717,36.40551006289308,35.620849056603774,36.03691823899371
MRO,31.680440251572325,32.01860188679245,31.314754088050314,31.69056603773585
MS,27.883773584905658,28.28844213836478,27.43408616352201,27.85761006289308
MSFT,27.905541401273886,28.177604458598726,27.584670700636945,27.8736974522293
MTB,82.01861635220125,83.26732704402515,80.79709371069183,82.11308176100628
MU,9.352579617834396,9.526968789808917,9.102673248407642,9.320343949044586
MUR,54.58235849056604,55.24172955974842,53.83301446540881,54.607295597484274
MWV,24.82993710691824,25.17229182389937,24.425788679245283,24.793584905660378
MWW,14.961037735849056,15.242606289308176,14.642679874213837,14.941069182389938
MYL,19.54674193548387,19.79530193548387,19.295497419354838,19.56253225806452
NBL,70.57462327044026,71.44634465408805,69.54702515723271,70.55396226415094
NBR,20.629685534591193,21.02242830188679,20.173977987421384,20.588301886792454
NDAQ,19.570891719745223,19.80473184713376,19.334082165605093,19.57700636942675
NEE,51.67048780487806,52.25570731707317,51.302212195121946,51.890487804878056
NEM,53.26298742138365,54.02922893081761,52.495138364779876,53.28430817610063
NI,15.571069182389937,15.717750314465409,15.410040880503145,15.585157232704402
NKE,70.48770440251572,71.20326603773584,69.80014591194968,70.5682389937107
NOC,60.89194968553459,61.47900251572327,60.24799433962264,60.912751572327046
NOV,40.846666666666664,41.436876100628936,40.1365106918239,40.79716981132076
NOVL,5.59370253164557,5.666894303797468,5.520741139240506,5.598481012658228
NRG,22.453214285714285,22.763480714285713,22.129680714285712,22.445642857142857
NSC,54.78097484276729,55.44691635220126,54.08282264150943,54.82937106918239
NSM,14.336194968553459,14.515294968553459,14.097376100628932,14.323333333333332
NTAP,35.48129872611465,36.05289936305732,34.93879936305732,35.55759554140127
NTRS,51.983057324840765,52.58932611464968,51.37348280254777,51.991019108280256
NU,26.7388679245283,26.95925408805031,26.509691823899374,26.76327044025157
NUE,43.15440251572327,43.672934591194974,42.476179874213834,43.08459119496855
NVDA,14.389303797468356,14.61874746835443,14.075343037974683,14.34573417721519
NVLS,24.850220125786162,25.219879874213838,24.454110062893083,24.86756289308176
NWL,15.586540880503145,15.785953459119499,15.368725157232705,15.589433962264149
NWSA,13.722677419354838,13.91513870967742,13.478793548387099,13.710570322580644
NYT,10.533962264150944,10.76264968553459,10.284622641509435,10.510817610062894
NYX,28.316446540880502,28.718750943396227,27.946020754716983,28.37201257861635
ODP,6.158616352201258,6.297875471698114,5.986874213836478,6.136226415094339
OI,30.799088050314467,31.29245094339623,30.27516603773585,30.775220125786166
OKE,46.15305785123967,46.64527438016529,45.52122396694215,46.17727272727272
OMC,38.134103773584904,38.52466855345912,37.71937232704402,38.12213836477987
ORCL,24.16920382165605,24.417674522292995,23.89022356687898,24.16381847133758
ORLY,44.36123417721519,44.859841772151896,43.92843987341772,44.452974683544305
OXY,81.40342767295597,82.34941823899372,80.30744591194969,81.37566037735849
PAYX,29.156163522012577,29.386591823899373,28.86176289308176,29.13609433962264
PBCT,15.07579617834395,15.207582802547769,14.898904458598727,15.046512738853501
PBG,37.73973684210526,37.92421315789474,37.59644736842105,37.78263157894737
PBI,23.062987421383646,23.25521383647799,22.79070817610063,23.035849056603773
PCAR,41.453955696202534,42.068639873417716,40.838608227848106,41.489177215189876
PCG,42.97506289308176,43.36918238993711,42.59895660377358,43.04716981132076
PCL,37.183238993710695,37.57289811320755,36.70582452830189,37.159559748427675
PCLN,225.9029113924051,229.7980411392405,221.99062911392403,226.24202531645568
PCP,116.69633962264152,118.10335849056604,115.10469937106917,116.7522641509434
PCS,7.70751572327044,7.852787421383648,7.550845911949685,7.697106918238993
PDCO,29.681305732484077,29.95766050955414,29.33079872611465,29.670318471337577
PEG,31.558427672955975,31.84679685534591,31.21330251572327,31.55723270440252
PEP,63.764716981132075,64.22418301886792,63.30026918238994,63.82534591194968
PFE,16.637264150943395,16.79686603773585,16.451067295597486,16.615078616352204
PFG,25.93018867924528,26.34354088050314,25.4816641509434,25.93389937106918
PG,61.901942138364774,62.35515786163522,61.389905660377366,61.97075471698113
PGN,39.68201257861635,39.949538364779876,39.37613396226415,39.701446540880504
PGR,18.8325786163522,19.01919748427673,18.62976289308176,18.834591194968553
PH,61.78333333333333,62.57552767295598,60.93307232704403,61.80018867924528
PHM,10.447610062893082,10.654364779874214,10.223416981132075,10.435345911949685
PKI,22.05955974842767,22.311949056603776,21.772811949685536,22.04081761006289
PLD,12.228364779874214,12.457703773584905,11.96375786163522,12.210597484276729
PLL,37.24025157232704,37.64534213836478,36.812035220125786,37.262327044025156
PM,48.894622641509436,49.411478616352206,48.211773584905664,48.96
PNC,59.331452830188674,60.165539622641504,58.39326163522012,59.29889937106918
PNW,37.193773584905664,37.51766226415094,36.86781257861635,37.235849056603776
POM,16.691603773584905,16.833206289308176,16.513861006289307,16.686666666666664
PPG,64.53628930817611,65.25428867924528,63.81394150943396,64.60220125786164
PPL,27.595,27.830627044025157,27.28445408805031,27.566477987421383
PRU,56.55965597484277,57.35898993710692,55.64024968553459,56.56320754716981
PSA,89.85874213836479,90.96132075471698,88.80899371069182,90.00704402515724
PTV,26.624418238993712,26.931333962264148,26.312374213836474,26.644716981132078
PWR,20.066509433962263,20.343893081761006,19.763938993710692,20.069811320754717
PX,80.87274402515723,81.65385408805031,80.13461132075471,80.97685534591194
PXD,57.1437106918239,58.18005723270441,56.0996037735849,57.24037735849056
Q,5.076666666666667,5.137063522012578,5.022408176100629,5.084213836477987
QCOM,39.18821656050955,39.6213025477707,38.722516560509554,39.16269363057325
QEP,31.218285714285717,31.737628571428573,30.575499999999998,31.205428571428573
QLGC,18.48355769230769,18.741660256410256,18.206810897435897,18.49235576923077
R,40.830314465408804,41.391849685534595,40.17115220125786,40.81188679245283
RAI,53.869496855345915,54.276338993710695,53.33953899371069,53.89094339622641
RDC,25.796635220125786,26.231045911949682,25.2865106918239,25.79012578616352
RF,7.249119496855346,7.412421383647799,7.084935220125786,7.260707547169812
RHI,27.187358490566037,27.52740503144654,26.81242893081761,27.185283018867924
RHT,30.114779874213838,30.517181132075468,29.701588050314463,30.140314465408807
RL,82.97433962264151,84.13891509433962,81.93379433962264,83.09547169811322
ROK,53.89993710691824,54.57263018867924,53.201384276729556,53.93194968553459
ROP,57.50194968553459,58.12106163522012,56.92198364779874,57.57666666666667
ROST,51.93251572327044,52.54938427672956,51.31501446540881,51.97688679245284
RRC,46.61122641509434,47.31223710691824,45.67684968553459,46.48754716981132
RRD,19.553797468354432,19.790291139240505,19.230955696202532,19.51101265822785
RSG,29.453962264150945,29.701330188679243,29.13144402515723,29.450251572327044
RSH,21.068459119496858,21.414288679245285,20.67934402515723,21.06433962264151
RTN,53.31226415094339,53.73722578616352,52.77703836477988,53.27968553459119
RX,21.629342105263156,21.699605263157896,21.598684210526315,21.650526315789474
S,4.119433962264151,4.215325786163522,4.021330188679245,4.113003144654088
SAI,17.872893081761006,18.007987421383646,17.711427044025157,17.866540880503145
SBUX,24.791273885350318,25.110726114649683,24.45674203821656,24.81967515923567
SCG,37.32754716981132,37.60036855345912,37.00130377358491,37.33937106918239
SCHW,17.267279874213838,17.470424528301887,17.0324213836478,17.248411949685533
SE,21.607861635220125,21.823306918238995,21.35826289308176,21.612327044025157
SEE,21.16496855345912,21.383890566037735,20.90573647798742,21.16748427672956
SHLD,91.20651898734177,92.57734746835443,89.40662215189874,90.95632215189875
SHW,69.56349056603773,70.29057987421383,68.90339685534592,69.66301886792454
SIAL,53.038607594936714,53.61372151898735,52.488396202531646,53.10503164556962
SII,39.73317610062893,40.340235849056604,39.09790566037736,39.761320754716984
SJM,60.09402515723271,60.50305408805031,59.597771069182386,60.10427672955975
SLB,62.965561006289306,63.84396981132075,61.971227672955976,62.94490566037736
SLE,13.905094339622641,14.04034968553459,13.783296226415095,13.92446540880503
SLM,11.611100628930817,11.850255974842767,11.364025157232703,11.608490566037736
SNA,43.660880503144654,44.09054465408805,43.124467924528304,43.64377358490566
SNDK,37.98761006289308,38.77793773584906,37.122977987421386,37.99467232704403
SNI,43.213522012578615,43.68336163522012,42.61839496855346,43.19672955974843
SO,33.62876477987422,33.838793081761004,33.37892641509434,33.64867924528302
SPG,83.08908805031447,84.27782704402516,81.85184025157233,83.13383647798743
SPLS,22.516006289308176,22.779368553459122,22.231724528301886,22.50932389937107
SRCL,58.23407051282051,58.81217948717949,57.714150000000004,58.345128205128205
SRE,49.5714465408805,50.017182389937105,49.087685534591195,49.575361635220126
STI,25.70635220125786,26.20955031446541,25.175896226415095,25.72641509433962
STJ,38.362138364779874,38.71256603773585,37.925049685534596,38.336100628930815
STR,41.85445652173913,42.36927971014493,41.24836014492753,41.83963768115942
STT,41.863679245283016,42.405779874213835,41.26893018867924,41.82194968553459
STZ,16.48816037735849,16.675354716981133,16.3083,16.51018867924528
SUN,30.539056603773584,31.007570440251573,30.0426106918239,30.584150943396228
SVU,13.944905660377357,14.141933962264151,13.708113207547171,13.928867924528301
SWK,56.654748427672956,57.346605031446536,55.86066352201257,56.64597484276729
SWN,41.322232704402516,41.94053459119497,40.52227295597484,41.228113207547175
SWY,22.613333333333333,22.878122641509435,22.371245911949686,22.64566037735849
SYK,53.29352201257862,53.74856540880503,52.71090754716981,53.283018867924525
SYMC,15.980189873417721,16.166937974683545,15.775824683544304,15.965860759493673
SYY,29.47894213836478,29.713593081761005,29.217992452830188,29.48798742138365
T,25.6751572327044,25.85359496855346,25.445185534591197,25.649119496855345
TAP,43.33446540880503,43.700814465408804,42.951157232704404,43.35716981132075
TDC,30.57754716981132,30.93406289308176,30.147011949685535,30.565974842767293
TE,15.965943396226415,16.134035220125785,15.79559245283019,15.984025157232704
TEG,45.83301886792453,46.29605471698113,45.41446603773585,45.93188679245283
TER,10.767547169811321,10.967450943396226,10.513457861635219,10.74566037735849
TGT,52.547138364779876,53.077559748427674,52.000594968553465,52.56962264150943
THC,5.305157232704403,5.415314465408805,5.181547169811321,5.290943396226415
TIE,16.32754716981132,16.710095597484276,15.958600628930817,16.350377358490565
TIF,44.204276729559744,44.77479119496855,43.542064150943396,44.204276729559744
TJX,42.457798742138365,42.941351572327044,41.98432452830188,42.49610062893082
TLAB,7.351050955414013,7.4858815286624205,7.2019554140127395,7.34875796178344
TMK,50.40298742138365,50.99382704402516,49.76802515723271,50.43981132075472
TMO,49.889342138364775,50.38820754716981,49.28420817610063,49.874339622641514
TROW,51.49849056603774,52.10878490566038,50.762398742138366,51.46133647798742
TRV,50.88606918238994,51.31299433962264,50.42704150943396,50.892452830188674
TSN,17.169811320754718,17.398410691823898,16.936258490566036,17.19685534591195
TSO,12.648364779874214,12.856795597484275,12.396095597484276,12.633899371069182
TSS,15.109559748427673,15.269689308176101,14.939605660377358,15.100440251572326
TWC,51.04012578616352,51.77411886792453,50.397327672955974,51.149308176100625
TWX,30.483647798742137,30.843446540880503,30.134685534591195,30.519669811320753
TXN,24.80694968553459,25.112896226415092,24.46323962264151,24.813820754716982
TXT,20.53125786163522,20.922508805031445,20.08930188679245,20.525974842767297
UNH,31.59679245283019,32.002259119496856,31.12977358490566,31.578993710691826
UNM,22.45503144654088,22.74965786163522,22.14568616352201,22.471446540880503
UNP,71.0848427672956,71.96048427672956,70.19556855345913,71.15691823899371
UPS,62.39764150943397,62.99675471698114,61.720758490566034,62.3722641509434
URBN,35.26039855072464,35.75489130434783,34.661560869565214,35.236268115942025
USB,24.58232704402516,24.905267924528303,24.258742767295598,24.592720125786162
UTX,70.09317610062894,70.71637610062893,69.40730880503145,70.11188679245284
V,82.38349056603774,83.33444150943396,81.2185031446541,82.2269182389937
VAR,52.38143081761006,52.91566540880503,51.73066100628931,52.419182389937106
VFC,77.98990566037736,78.729,77.16320503144654,78.00679245283018
VIA,35.540886075949366,35.958356329113926,35.07556962025316,35.54994240506329
VIA.B,33.49401785714286,33.95428571428572,32.91580178571429,33.43714285714286
VLO,18.575283018867925,18.84916226415094,18.246320125786166,18.575974842767295
VMC,47.657421383647794,48.30897106918239,46.84358238993711,47.6085534591195
VNO,74.92290754716981,76.0051037735849,73.83269496855345,75.01264150943396
VRSN,26.568471337579616,26.938204458598726,26.276975796178345,26.634028662420384
VTR,46.75616352201258,47.355,46.170316981132075,46.83408805031446
VZ,29.20932389937107,29.402279874213836,28.93450754716981,29.171446540880506
WAG,33.11327169811321,33.45160314465409,32.728459119496854,33.09301886792453
WAT,65.10352201257861,65.84179748427673,64.37013270440251,65.13157232704403
WDC,37.052893081761006,37.62550440251572,36.227988679245286,36.881509433962265
WEC,50.93374213836478,51.316485534591195,50.50029937106918,50.99220125786164
WFC,28.915157232704402,29.332043396226414,28.47263962264151,28.910188679245284
WFMI,35.900569620253165,36.41481202531645,35.393117088607596,35.952943037974684
WFR,12.579182389937106,12.810757232704402,12.272364150943396,12.54748427672956
WHR,90.39185534591195,91.79951761006289,88.67021509433962,90.30522012578616
WIN,10.90632911392405,11.000164556962027,10.769932911392406,10.898291139240508
WLP,57.27276729559749,58.031037735849054,56.43275408805032,57.25119496855346
WM,33.462583647798745,33.72700125786164,33.16085786163522,33.46194968553459
WMB,21.317232704402517,21.608364779874215,21.011161635220127,21.31761006289308
WMT,52.6763503144654,53.03205597484277,52.30650817610063,52.66210691823899
WPI,41.52383647798742,41.90361509433962,41.062239622641506,41.529999999999994
WPO,448.70893081761005,453.53647610062893,442.39134025157233,448.0220754716981
WU,16.814150943396225,17.006424528301885,16.602432704402514,16.79853773584906
WY,39.151698113207544,39.68743647798742,38.52110251572327,39.12333333333333
WYN,23.645819496855346,24.034351572327044,23.24786289308176,23.669496855345912
WYNN,77.3966447368421,78.99598421052632,75.88439736842106,77.53778947368421
X,52.03121509433962,53.05733081761006,50.750523270440254,51.85138364779875
XEL,21.230251572327045,21.40396289308176,21.064854716981134,21.25754716981132
XL,17.990911949685533,18.243965408805032,17.711276729559746,17.993333333333332
XLNX,25.826265822784812,26.1967835443038,25.44097911392405,25.860284810126583
XOM,64.21179245283018,64.64966477987421,63.60816226415094,64.13569182389938
XRAY,33.19100649350649,33.50975714285714,32.82877012987013,33.18922077922078
XRX,9.38653459119497,9.529716981132076,9.226212578616352,9.389072327044024
XTO,45.98628099173554,46.34012066115702,45.56778760330578,45.955537190082644
YHOO,15.703544303797468,15.90636835443038,15.494622151898733,15.69716835443038
YUM,38.98044025157233,39.37188867924528,38.60559685534591,39.021886792452825
ZION,21.913836477987424,22.439193081761008,21.39325786163522,21.94121006289308
ZMH,57.325157232704406,57.87116477987421,56.703173584905656,57.29138364779874
